"drug","gene","name","disease"
"DB00002","C1R","Cetuximab","READ"
"DB00002","C1R","Cetuximab","COAD"
"DB00002","C1R","Cetuximab","Head and Neck Cancer"
"DB00002","C1QC","Cetuximab","READ"
"DB00002","C1QC","Cetuximab","COAD"
"DB00002","C1QC","Cetuximab","Head and Neck Cancer"
"DB00002","FCGR1A","Cetuximab","READ"
"DB00002","FCGR1A","Cetuximab","COAD"
"DB00002","FCGR1A","Cetuximab","Head and Neck Cancer"
"DB00002","C1S","Cetuximab","READ"
"DB00002","C1S","Cetuximab","COAD"
"DB00002","C1S","Cetuximab","Head and Neck Cancer"
"DB00002","FCGR2B","Cetuximab","READ"
"DB00002","FCGR2B","Cetuximab","COAD"
"DB00002","FCGR2B","Cetuximab","Head and Neck Cancer"
"DB00002","C1QB","Cetuximab","READ"
"DB00002","C1QB","Cetuximab","COAD"
"DB00002","C1QB","Cetuximab","Head and Neck Cancer"
"DB00002","C1QA","Cetuximab","READ"
"DB00002","C1QA","Cetuximab","COAD"
"DB00002","C1QA","Cetuximab","Head and Neck Cancer"
"DB00002","FCGR2A","Cetuximab","READ"
"DB00002","FCGR2A","Cetuximab","COAD"
"DB00002","FCGR2A","Cetuximab","Head and Neck Cancer"
"DB00002","FCGR3A","Cetuximab","READ"
"DB00002","FCGR3A","Cetuximab","COAD"
"DB00002","FCGR3A","Cetuximab","Head and Neck Cancer"
"DB00002","FCGR2C","Cetuximab","READ"
"DB00002","FCGR2C","Cetuximab","COAD"
"DB00002","FCGR2C","Cetuximab","Head and Neck Cancer"
"DB00002","FCGR3B","Cetuximab","READ"
"DB00002","FCGR3B","Cetuximab","COAD"
"DB00002","FCGR3B","Cetuximab","Head and Neck Cancer"
"DB00002","EGFR","Cetuximab","READ"
"DB00002","EGFR","Cetuximab","COAD"
"DB00002","EGFR","Cetuximab","Head and Neck Cancer"
"DB00041","IL2RB","Aldesleukin","SKCM"
"DB00041","IL2RB","Aldesleukin","Melanoma"
"DB00041","IL2RB","Aldesleukin","KIRP"
"DB00041","IL2RB","Aldesleukin","KIRC"
"DB00041","IL2RB","Aldesleukin","KICH"
"DB00041","IL2RA","Aldesleukin","SKCM"
"DB00041","IL2RA","Aldesleukin","Melanoma"
"DB00041","IL2RA","Aldesleukin","KIRP"
"DB00041","IL2RA","Aldesleukin","KIRC"
"DB00041","IL2RA","Aldesleukin","KICH"
"DB00041","IL2RG","Aldesleukin","SKCM"
"DB00041","IL2RG","Aldesleukin","Melanoma"
"DB00041","IL2RG","Aldesleukin","KIRP"
"DB00041","IL2RG","Aldesleukin","KIRC"
"DB00041","IL2RG","Aldesleukin","KICH"
"DB00072","FCGR3B","Trastuzumab","STAD"
"DB00072","FCGR3B","Trastuzumab","BRCA"
"DB00072","FCGR3B","Trastuzumab","ESCA"
"DB00072","FCGR2A","Trastuzumab","STAD"
"DB00072","FCGR2A","Trastuzumab","BRCA"
"DB00072","FCGR2A","Trastuzumab","ESCA"
"DB00072","FCGR1A","Trastuzumab","STAD"
"DB00072","FCGR1A","Trastuzumab","BRCA"
"DB00072","FCGR1A","Trastuzumab","ESCA"
"DB00072","FCGR2C","Trastuzumab","STAD"
"DB00072","FCGR2C","Trastuzumab","BRCA"
"DB00072","FCGR2C","Trastuzumab","ESCA"
"DB00072","C1QB","Trastuzumab","STAD"
"DB00072","C1QB","Trastuzumab","BRCA"
"DB00072","C1QB","Trastuzumab","ESCA"
"DB00072","FCGR3A","Trastuzumab","STAD"
"DB00072","FCGR3A","Trastuzumab","BRCA"
"DB00072","FCGR3A","Trastuzumab","ESCA"
"DB00072","C1S","Trastuzumab","STAD"
"DB00072","C1S","Trastuzumab","BRCA"
"DB00072","C1S","Trastuzumab","ESCA"
"DB00072","ERBB2","Trastuzumab","STAD"
"DB00072","ERBB2","Trastuzumab","BRCA"
"DB00072","ERBB2","Trastuzumab","ESCA"
"DB00072","C1QC","Trastuzumab","STAD"
"DB00072","C1QC","Trastuzumab","BRCA"
"DB00072","C1QC","Trastuzumab","ESCA"
"DB00072","FCGR2B","Trastuzumab","STAD"
"DB00072","FCGR2B","Trastuzumab","BRCA"
"DB00072","FCGR2B","Trastuzumab","ESCA"
"DB00072","EGFR","Trastuzumab","STAD"
"DB00072","EGFR","Trastuzumab","BRCA"
"DB00072","EGFR","Trastuzumab","ESCA"
"DB00072","C1QA","Trastuzumab","STAD"
"DB00072","C1QA","Trastuzumab","BRCA"
"DB00072","C1QA","Trastuzumab","ESCA"
"DB00072","C1R","Trastuzumab","STAD"
"DB00072","C1R","Trastuzumab","BRCA"
"DB00072","C1R","Trastuzumab","ESCA"
"DB00073","MS4A1","Rituximab","Non-Hodgkin Lymphom"
"DB00073","MS4A1","Rituximab","Leukemia"
"DB00073","C1QB","Rituximab","Non-Hodgkin Lymphom"
"DB00073","C1QB","Rituximab","Leukemia"
"DB00073","C1R","Rituximab","Non-Hodgkin Lymphom"
"DB00073","C1R","Rituximab","Leukemia"
"DB00073","C1S","Rituximab","Non-Hodgkin Lymphom"
"DB00073","C1S","Rituximab","Leukemia"
"DB00073","FCGR2B","Rituximab","Non-Hodgkin Lymphom"
"DB00073","FCGR2B","Rituximab","Leukemia"
"DB00073","FCGR3B","Rituximab","Non-Hodgkin Lymphom"
"DB00073","FCGR3B","Rituximab","Leukemia"
"DB00073","C1QA","Rituximab","Non-Hodgkin Lymphom"
"DB00073","C1QA","Rituximab","Leukemia"
"DB00073","FCGR3A","Rituximab","Non-Hodgkin Lymphom"
"DB00073","FCGR3A","Rituximab","Leukemia"
"DB00073","FCGR2A","Rituximab","Non-Hodgkin Lymphom"
"DB00073","FCGR2A","Rituximab","Leukemia"
"DB00073","C1QC","Rituximab","Non-Hodgkin Lymphom"
"DB00073","C1QC","Rituximab","Leukemia"
"DB00073","FCGR2C","Rituximab","Non-Hodgkin Lymphom"
"DB00073","FCGR2C","Rituximab","Leukemia"
"DB00073","FCGR1A","Rituximab","Non-Hodgkin Lymphom"
"DB00073","FCGR1A","Rituximab","Leukemia"
"DB00087","C1QB","Alemtuzumab","Leukemia"
"DB00087","C1R","Alemtuzumab","Leukemia"
"DB00087","CD52","Alemtuzumab","Leukemia"
"DB00087","FCGR2B","Alemtuzumab","Leukemia"
"DB00087","C1QA","Alemtuzumab","Leukemia"
"DB00087","C1QC","Alemtuzumab","Leukemia"
"DB00087","FCGR3A","Alemtuzumab","Leukemia"
"DB00087","FCGR2A","Alemtuzumab","Leukemia"
"DB00087","FCGR3B","Alemtuzumab","Leukemia"
"DB00087","FCGR2C","Alemtuzumab","Leukemia"
"DB00087","FCGR1A","Alemtuzumab","Leukemia"
"DB00112","FCGR2C","Bevacizumab","LIHC"
"DB00112","FCGR2C","Bevacizumab","Brain Tumors"
"DB00112","FCGR2C","Bevacizumab","Cervical Cancer"
"DB00112","FCGR2C","Bevacizumab","LUAD"
"DB00112","FCGR2C","Bevacizumab"," Ovarian, Fallopian Tube, or Primary Peritoneal Cancer"
"DB00112","FCGR2C","Bevacizumab","KICH"
"DB00112","FCGR2C","Bevacizumab","KIRP"
"DB00112","FCGR2C","Bevacizumab","LUSC"
"DB00112","FCGR2C","Bevacizumab","COAD"
"DB00112","FCGR2C","Bevacizumab","KIRC"
"DB00112","FCGR2C","Bevacizumab","READ"
"DB00112","C1R","Bevacizumab","LIHC"
"DB00112","C1R","Bevacizumab","Brain Tumors"
"DB00112","C1R","Bevacizumab","Cervical Cancer"
"DB00112","C1R","Bevacizumab","LUAD"
"DB00112","C1R","Bevacizumab"," Ovarian, Fallopian Tube, or Primary Peritoneal Cancer"
"DB00112","C1R","Bevacizumab","KICH"
"DB00112","C1R","Bevacizumab","KIRP"
"DB00112","C1R","Bevacizumab","LUSC"
"DB00112","C1R","Bevacizumab","COAD"
"DB00112","C1R","Bevacizumab","KIRC"
"DB00112","C1R","Bevacizumab","READ"
"DB00112","FCGR1A","Bevacizumab","LIHC"
"DB00112","FCGR1A","Bevacizumab","Brain Tumors"
"DB00112","FCGR1A","Bevacizumab","Cervical Cancer"
"DB00112","FCGR1A","Bevacizumab","LUAD"
"DB00112","FCGR1A","Bevacizumab"," Ovarian, Fallopian Tube, or Primary Peritoneal Cancer"
"DB00112","FCGR1A","Bevacizumab","KICH"
"DB00112","FCGR1A","Bevacizumab","KIRP"
"DB00112","FCGR1A","Bevacizumab","LUSC"
"DB00112","FCGR1A","Bevacizumab","COAD"
"DB00112","FCGR1A","Bevacizumab","KIRC"
"DB00112","FCGR1A","Bevacizumab","READ"
"DB00112","VEGFA","Bevacizumab","LIHC"
"DB00112","VEGFA","Bevacizumab","Brain Tumors"
"DB00112","VEGFA","Bevacizumab","Cervical Cancer"
"DB00112","VEGFA","Bevacizumab","LUAD"
"DB00112","VEGFA","Bevacizumab"," Ovarian, Fallopian Tube, or Primary Peritoneal Cancer"
"DB00112","VEGFA","Bevacizumab","KICH"
"DB00112","VEGFA","Bevacizumab","KIRP"
"DB00112","VEGFA","Bevacizumab","LUSC"
"DB00112","VEGFA","Bevacizumab","COAD"
"DB00112","VEGFA","Bevacizumab","KIRC"
"DB00112","VEGFA","Bevacizumab","READ"
"DB00112","FCGR3B","Bevacizumab","LIHC"
"DB00112","FCGR3B","Bevacizumab","Brain Tumors"
"DB00112","FCGR3B","Bevacizumab","Cervical Cancer"
"DB00112","FCGR3B","Bevacizumab","LUAD"
"DB00112","FCGR3B","Bevacizumab"," Ovarian, Fallopian Tube, or Primary Peritoneal Cancer"
"DB00112","FCGR3B","Bevacizumab","KICH"
"DB00112","FCGR3B","Bevacizumab","KIRP"
"DB00112","FCGR3B","Bevacizumab","LUSC"
"DB00112","FCGR3B","Bevacizumab","COAD"
"DB00112","FCGR3B","Bevacizumab","KIRC"
"DB00112","FCGR3B","Bevacizumab","READ"
"DB00112","C1QB","Bevacizumab","LIHC"
"DB00112","C1QB","Bevacizumab","Brain Tumors"
"DB00112","C1QB","Bevacizumab","Cervical Cancer"
"DB00112","C1QB","Bevacizumab","LUAD"
"DB00112","C1QB","Bevacizumab"," Ovarian, Fallopian Tube, or Primary Peritoneal Cancer"
"DB00112","C1QB","Bevacizumab","KICH"
"DB00112","C1QB","Bevacizumab","KIRP"
"DB00112","C1QB","Bevacizumab","LUSC"
"DB00112","C1QB","Bevacizumab","COAD"
"DB00112","C1QB","Bevacizumab","KIRC"
"DB00112","C1QB","Bevacizumab","READ"
"DB00112","FCGR3A","Bevacizumab","LIHC"
"DB00112","FCGR3A","Bevacizumab","Brain Tumors"
"DB00112","FCGR3A","Bevacizumab","Cervical Cancer"
"DB00112","FCGR3A","Bevacizumab","LUAD"
"DB00112","FCGR3A","Bevacizumab"," Ovarian, Fallopian Tube, or Primary Peritoneal Cancer"
"DB00112","FCGR3A","Bevacizumab","KICH"
"DB00112","FCGR3A","Bevacizumab","KIRP"
"DB00112","FCGR3A","Bevacizumab","LUSC"
"DB00112","FCGR3A","Bevacizumab","COAD"
"DB00112","FCGR3A","Bevacizumab","KIRC"
"DB00112","FCGR3A","Bevacizumab","READ"
"DB00112","FCGR2A","Bevacizumab","LIHC"
"DB00112","FCGR2A","Bevacizumab","Brain Tumors"
"DB00112","FCGR2A","Bevacizumab","Cervical Cancer"
"DB00112","FCGR2A","Bevacizumab","LUAD"
"DB00112","FCGR2A","Bevacizumab"," Ovarian, Fallopian Tube, or Primary Peritoneal Cancer"
"DB00112","FCGR2A","Bevacizumab","KICH"
"DB00112","FCGR2A","Bevacizumab","KIRP"
"DB00112","FCGR2A","Bevacizumab","LUSC"
"DB00112","FCGR2A","Bevacizumab","COAD"
"DB00112","FCGR2A","Bevacizumab","KIRC"
"DB00112","FCGR2A","Bevacizumab","READ"
"DB00112","FCGR2B","Bevacizumab","LIHC"
"DB00112","FCGR2B","Bevacizumab","Brain Tumors"
"DB00112","FCGR2B","Bevacizumab","Cervical Cancer"
"DB00112","FCGR2B","Bevacizumab","LUAD"
"DB00112","FCGR2B","Bevacizumab"," Ovarian, Fallopian Tube, or Primary Peritoneal Cancer"
"DB00112","FCGR2B","Bevacizumab","KICH"
"DB00112","FCGR2B","Bevacizumab","KIRP"
"DB00112","FCGR2B","Bevacizumab","LUSC"
"DB00112","FCGR2B","Bevacizumab","COAD"
"DB00112","FCGR2B","Bevacizumab","KIRC"
"DB00112","FCGR2B","Bevacizumab","READ"
"DB00112","C1QC","Bevacizumab","LIHC"
"DB00112","C1QC","Bevacizumab","Brain Tumors"
"DB00112","C1QC","Bevacizumab","Cervical Cancer"
"DB00112","C1QC","Bevacizumab","LUAD"
"DB00112","C1QC","Bevacizumab"," Ovarian, Fallopian Tube, or Primary Peritoneal Cancer"
"DB00112","C1QC","Bevacizumab","KICH"
"DB00112","C1QC","Bevacizumab","KIRP"
"DB00112","C1QC","Bevacizumab","LUSC"
"DB00112","C1QC","Bevacizumab","COAD"
"DB00112","C1QC","Bevacizumab","KIRC"
"DB00112","C1QC","Bevacizumab","READ"
"DB00112","C1QA","Bevacizumab","LIHC"
"DB00112","C1QA","Bevacizumab","Brain Tumors"
"DB00112","C1QA","Bevacizumab","Cervical Cancer"
"DB00112","C1QA","Bevacizumab","LUAD"
"DB00112","C1QA","Bevacizumab"," Ovarian, Fallopian Tube, or Primary Peritoneal Cancer"
"DB00112","C1QA","Bevacizumab","KICH"
"DB00112","C1QA","Bevacizumab","KIRP"
"DB00112","C1QA","Bevacizumab","LUSC"
"DB00112","C1QA","Bevacizumab","COAD"
"DB00112","C1QA","Bevacizumab","KIRC"
"DB00112","C1QA","Bevacizumab","READ"
"DB00188","PSMB2","Bortezomib","Non-Hodgkin Lymphom"
"DB00188","PSMB2","Bortezomib","Multiple Myeloma and Other Plasma Cell Neoplasms"
"DB00188","PSMD1","Bortezomib","Non-Hodgkin Lymphom"
"DB00188","PSMD1","Bortezomib","Multiple Myeloma and Other Plasma Cell Neoplasms"
"DB00188","PSMB5","Bortezomib","Non-Hodgkin Lymphom"
"DB00188","PSMB5","Bortezomib","Multiple Myeloma and Other Plasma Cell Neoplasms"
"DB00188","PSMD2","Bortezomib","Non-Hodgkin Lymphom"
"DB00188","PSMD2","Bortezomib","Multiple Myeloma and Other Plasma Cell Neoplasms"
"DB00188","PSMB1","Bortezomib","Non-Hodgkin Lymphom"
"DB00188","PSMB1","Bortezomib","Multiple Myeloma and Other Plasma Cell Neoplasms"
"DB00242","POLE","Cladribine","Leukemia"
"DB00242","POLE2","Cladribine","Leukemia"
"DB00242","RRM2B","Cladribine","Leukemia"
"DB00242","POLE3","Cladribine","Leukemia"
"DB00242","PNP","Cladribine","Leukemia"
"DB00242","POLE4","Cladribine","Leukemia"
"DB00242","RRM1","Cladribine","Leukemia"
"DB00242","POLA1","Cladribine","Leukemia"
"DB00242","RRM2","Cladribine","Leukemia"
"DB00262","GSR","Carmustine","Multiple Myeloma and Other Plasma Cell Neoplasms"
"DB00262","GSR","Carmustine","Hodgkin Lymphoma"
"DB00262","GSR","Carmustine","Brain Tumors"
"DB00262","GSR","Carmustine","Non-Hodgkin Lymphom"
"DB00317","IRAK4","Gefitinib","LUSC"
"DB00317","IRAK4","Gefitinib","LUAD"
"DB00317","MKNK2","Gefitinib","LUSC"
"DB00317","MKNK2","Gefitinib","LUAD"
"DB00317","KIT","Gefitinib","LUSC"
"DB00317","KIT","Gefitinib","LUAD"
"DB00317","MINK1","Gefitinib","LUSC"
"DB00317","MINK1","Gefitinib","LUAD"
"DB00317","MET","Gefitinib","LUSC"
"DB00317","MET","Gefitinib","LUAD"
"DB00317","CSNK1E","Gefitinib","LUSC"
"DB00317","CSNK1E","Gefitinib","LUAD"
"DB00317","MAP3K19","Gefitinib","LUSC"
"DB00317","MAP3K19","Gefitinib","LUAD"
"DB00317","CHEK2","Gefitinib","LUSC"
"DB00317","CHEK2","Gefitinib","LUAD"
"DB00317","HIPK4","Gefitinib","LUSC"
"DB00317","HIPK4","Gefitinib","LUAD"
"DB00317","RET","Gefitinib","LUSC"
"DB00317","RET","Gefitinib","LUAD"
"DB00317","MAPK10","Gefitinib","LUSC"
"DB00317","MAPK10","Gefitinib","LUAD"
"DB00317","RIPK2","Gefitinib","LUSC"
"DB00317","RIPK2","Gefitinib","LUAD"
"DB00317","LCK","Gefitinib","LUSC"
"DB00317","LCK","Gefitinib","LUAD"
"DB00317","STK17B","Gefitinib","LUSC"
"DB00317","STK17B","Gefitinib","LUAD"
"DB00317","STK10","Gefitinib","LUSC"
"DB00317","STK10","Gefitinib","LUAD"
"DB00317","EPHA3","Gefitinib","LUSC"
"DB00317","EPHA3","Gefitinib","LUAD"
"DB00317","SBK1","Gefitinib","LUSC"
"DB00317","SBK1","Gefitinib","LUAD"
"DB00317","MAP3K3","Gefitinib","LUSC"
"DB00317","MAP3K3","Gefitinib","LUAD"
"DB00317","CDK7","Gefitinib","LUSC"
"DB00317","CDK7","Gefitinib","LUAD"
"DB00317","GAK","Gefitinib","LUSC"
"DB00317","GAK","Gefitinib","LUAD"
"DB00317","NUAK2","Gefitinib","LUSC"
"DB00317","NUAK2","Gefitinib","LUAD"
"DB00317","STK17A","Gefitinib","LUSC"
"DB00317","STK17A","Gefitinib","LUAD"
"DB00317","PIP4K2C","Gefitinib","LUSC"
"DB00317","PIP4K2C","Gefitinib","LUAD"
"DB00317","FGR","Gefitinib","LUSC"
"DB00317","FGR","Gefitinib","LUAD"
"DB00317","ABL2","Gefitinib","LUSC"
"DB00317","ABL2","Gefitinib","LUAD"
"DB00317","PHKG2","Gefitinib","LUSC"
"DB00317","PHKG2","Gefitinib","LUAD"
"DB00317","MAPK9","Gefitinib","LUSC"
"DB00317","MAPK9","Gefitinib","LUAD"
"DB00317","EPHA6","Gefitinib","LUSC"
"DB00317","EPHA6","Gefitinib","LUAD"
"DB00317","SLK","Gefitinib","LUSC"
"DB00317","SLK","Gefitinib","LUAD"
"DB00317","STK36","Gefitinib","LUSC"
"DB00317","STK36","Gefitinib","LUAD"
"DB00317","NLK","Gefitinib","LUSC"
"DB00317","NLK","Gefitinib","LUAD"
"DB00317","EPHB4","Gefitinib","LUSC"
"DB00317","EPHB4","Gefitinib","LUAD"
"DB00317","ABL1","Gefitinib","LUSC"
"DB00317","ABL1","Gefitinib","LUAD"
"DB00317","EPHB6","Gefitinib","LUSC"
"DB00317","EPHB6","Gefitinib","LUAD"
"DB00317","EPHB1","Gefitinib","LUSC"
"DB00317","EPHB1","Gefitinib","LUAD"
"DB00317","EGFR","Gefitinib","LUSC"
"DB00317","EGFR","Gefitinib","LUAD"
"DB00317","FLT3","Gefitinib","LUSC"
"DB00317","FLT3","Gefitinib","LUAD"
"DB00317","ERBB2","Gefitinib","LUSC"
"DB00317","ERBB2","Gefitinib","LUAD"
"DB00317","ERBB4","Gefitinib","LUSC"
"DB00317","ERBB4","Gefitinib","LUAD"
"DB00317","ABCG2","Gefitinib","LUSC"
"DB00317","ABCG2","Gefitinib","LUAD"
"DB00317","LTK","Gefitinib","LUSC"
"DB00317","LTK","Gefitinib","LUAD"
"DB00317","HCK","Gefitinib","LUSC"
"DB00317","HCK","Gefitinib","LUAD"
"DB00317","KDR","Gefitinib","LUSC"
"DB00317","KDR","Gefitinib","LUAD"
"DB00317","MAP3K2","Gefitinib","LUSC"
"DB00317","MAP3K2","Gefitinib","LUAD"
"DB00317","CSNK1D","Gefitinib","LUSC"
"DB00317","CSNK1D","Gefitinib","LUAD"
"DB00317","AXL","Gefitinib","LUSC"
"DB00317","AXL","Gefitinib","LUAD"
"DB00317","ERBB3","Gefitinib","LUSC"
"DB00317","ERBB3","Gefitinib","LUAD"
"DB00317","RPS6KA4","Gefitinib","LUSC"
"DB00317","RPS6KA4","Gefitinib","LUAD"
"DB00317","MAP2K5","Gefitinib","LUSC"
"DB00317","MAP2K5","Gefitinib","LUAD"
"DB00317","PRKD1","Gefitinib","LUSC"
"DB00317","PRKD1","Gefitinib","LUAD"
"DB00317","DCLK3","Gefitinib","LUSC"
"DB00317","DCLK3","Gefitinib","LUAD"
"DB00317","IRAK1","Gefitinib","LUSC"
"DB00317","IRAK1","Gefitinib","LUAD"
"DB00317","TNIK","Gefitinib","LUSC"
"DB00317","TNIK","Gefitinib","LUAD"
"DB00317","EPHA5","Gefitinib","LUSC"
"DB00317","EPHA5","Gefitinib","LUAD"
"DB00317","SRC","Gefitinib","LUSC"
"DB00317","SRC","Gefitinib","LUAD"
"DB00385","TOP2A","Valrubicin","BLCA"
"DB00480","CDH5","Lenalidomide","Non-Hodgkin Lymphom"
"DB00480","CDH5","Lenalidomide","Multiple Myeloma and Other Plasma Cell Neoplasms"
"DB00480","PTGS2","Lenalidomide","Non-Hodgkin Lymphom"
"DB00480","PTGS2","Lenalidomide","Multiple Myeloma and Other Plasma Cell Neoplasms"
"DB00480","TNFSF11","Lenalidomide","Non-Hodgkin Lymphom"
"DB00480","TNFSF11","Lenalidomide","Multiple Myeloma and Other Plasma Cell Neoplasms"
"DB00499","AHR","Flutamide","PRAD"
"DB00499","AR","Flutamide","PRAD"
"DB00539","HTR6","Toremifene","BRCA"
"DB00539","ESR1","Toremifene","BRCA"
"DB00563","DHFR","Methotrexate","Non-Hodgkin Lymphom"
"DB00563","DHFR","Methotrexate","Head and Neck Cancer"
"DB00563","DHFR","Methotrexate","Gestational Trophoblastic Disease"
"DB00563","DHFR","Methotrexate","LUAD"
"DB00563","DHFR","Methotrexate","LUSC"
"DB00563","DHFR","Methotrexate","Bone Cancer"
"DB00563","DHFR","Methotrexate","BRCA"
"DB00563","DHFR","Methotrexate","Leukemia"
"DB00563","FPGS","Methotrexate","Non-Hodgkin Lymphom"
"DB00563","FPGS","Methotrexate","Head and Neck Cancer"
"DB00563","FPGS","Methotrexate","Gestational Trophoblastic Disease"
"DB00563","FPGS","Methotrexate","LUAD"
"DB00563","FPGS","Methotrexate","LUSC"
"DB00563","FPGS","Methotrexate","Bone Cancer"
"DB00563","FPGS","Methotrexate","BRCA"
"DB00563","FPGS","Methotrexate","Leukemia"
"DB00563","TYMS","Methotrexate","Non-Hodgkin Lymphom"
"DB00563","TYMS","Methotrexate","Head and Neck Cancer"
"DB00563","TYMS","Methotrexate","Gestational Trophoblastic Disease"
"DB00563","TYMS","Methotrexate","LUAD"
"DB00563","TYMS","Methotrexate","LUSC"
"DB00563","TYMS","Methotrexate","Bone Cancer"
"DB00563","TYMS","Methotrexate","BRCA"
"DB00563","TYMS","Methotrexate","Leukemia"
"DB00563","SLC19A1","Methotrexate","Non-Hodgkin Lymphom"
"DB00563","SLC19A1","Methotrexate","Head and Neck Cancer"
"DB00563","SLC19A1","Methotrexate","Gestational Trophoblastic Disease"
"DB00563","SLC19A1","Methotrexate","LUAD"
"DB00563","SLC19A1","Methotrexate","LUSC"
"DB00563","SLC19A1","Methotrexate","Bone Cancer"
"DB00563","SLC19A1","Methotrexate","BRCA"
"DB00563","SLC19A1","Methotrexate","Leukemia"
"DB00631","RRM2","Clofarabine","Leukemia"
"DB00631","RRM1","Clofarabine","Leukemia"
"DB00631","POLA1","Clofarabine","Leukemia"
"DB00635","NR3C1","Prednisone","Non-Hodgkin Lymphom"
"DB00635","NR3C1","Prednisone","Hodgkin Lymphoma"
"DB00635","NR3C1","Prednisone","Leukemia"
"DB00665","AR","Nilutamide","PRAD"
"DB00724","TLR7","Imiquimod","SKCM"
"DB00724","TLR8","Imiquimod","SKCM"
"DB00773","TOP2A","Etoposide","LUAD"
"DB00773","TOP2A","Etoposide","LUSC"
"DB00773","TOP2A","Etoposide","Testicular Cancer"
"DB00773","CASP3","Etoposide","LUAD"
"DB00773","CASP3","Etoposide","LUSC"
"DB00773","CASP3","Etoposide","Testicular Cancer"
"DB00851","PGD","Dacarbazine","Hodgkin Lymphoma"
"DB00851","PGD","Dacarbazine","SKCM"
"DB00851","PGD","Dacarbazine","Melanoma"
"DB00851","POLA2","Dacarbazine","Hodgkin Lymphoma"
"DB00851","POLA2","Dacarbazine","SKCM"
"DB00851","POLA2","Dacarbazine","Melanoma"
"DB00928","DNMT1","Azacitidine","Myeloproliferative Neoplasms"
"DB00947","ESR1","Fulvestrant","BRCA"
"DB00987","POLB","Cytarabine","Leukemia"
"DB00987","POLB","Cytarabine","Myeloproliferative Neoplasms"
"DB01005","RRM1","Hydroxyurea","Head and Neck Cancer"
"DB01005","RRM1","Hydroxyurea","Leukemia"
"DB01006","CYP11B1","Letrozole","BRCA"
"DB01006","CYP19A1","Letrozole","BRCA"
"DB01006","CYP11B2","Letrozole","BRCA"
"DB01033","HPRT1","Mercaptopurine","Leukemia"
"DB01041","PTGS2","Thalidomide","Multiple Myeloma and Other Plasma Cell Neoplasms"
"DB01041","FGFR2","Thalidomide","Multiple Myeloma and Other Plasma Cell Neoplasms"
"DB01041","TNF","Thalidomide","Multiple Myeloma and Other Plasma Cell Neoplasms"
"DB01041","NFKB1","Thalidomide","Multiple Myeloma and Other Plasma Cell Neoplasms"
"DB01101","TYMS","Capecitabine","READ"
"DB01101","TYMS","Capecitabine","BRCA"
"DB01101","TYMS","Capecitabine","COAD"
"DB01128","PGR","Bicalutamide","PRAD"
"DB01128","AR","Bicalutamide","PRAD"
"DB01206","STMN4","Lomustine","Hodgkin Lymphoma"
"DB01206","STMN4","Lomustine","Brain Tumors"
"DB01217","CYP19A1","Anastrozole","BRCA"
"DB01229","BCL2","Paclitaxel","Kaposi Sarcoma"
"DB01229","BCL2","Paclitaxel"," Ovarian, Fallopian Tube, or Primary Peritoneal Cancer"
"DB01229","BCL2","Paclitaxel","BRCA"
"DB01229","BCL2","Paclitaxel","LUSC"
"DB01229","BCL2","Paclitaxel","LUAD"
"DB01229","TUBB1","Paclitaxel","Kaposi Sarcoma"
"DB01229","TUBB1","Paclitaxel"," Ovarian, Fallopian Tube, or Primary Peritoneal Cancer"
"DB01229","TUBB1","Paclitaxel","BRCA"
"DB01229","TUBB1","Paclitaxel","LUSC"
"DB01229","TUBB1","Paclitaxel","LUAD"
"DB01234","NR3C2","Dexamethasone","Non-Hodgkin Lymphom"
"DB01234","NR3C2","Dexamethasone","Leukemia"
"DB01234","NR3C2","Dexamethasone","Hodgkin Lymphoma"
"DB01234","ANXA1","Dexamethasone","Non-Hodgkin Lymphom"
"DB01234","ANXA1","Dexamethasone","Leukemia"
"DB01234","ANXA1","Dexamethasone","Hodgkin Lymphoma"
"DB01234","AR","Dexamethasone","Non-Hodgkin Lymphom"
"DB01234","AR","Dexamethasone","Leukemia"
"DB01234","AR","Dexamethasone","Hodgkin Lymphoma"
"DB01234","NR3C1","Dexamethasone","Non-Hodgkin Lymphom"
"DB01234","NR3C1","Dexamethasone","Leukemia"
"DB01234","NR3C1","Dexamethasone","Hodgkin Lymphoma"
"DB01234","PGR","Dexamethasone","Non-Hodgkin Lymphom"
"DB01234","PGR","Dexamethasone","Leukemia"
"DB01234","PGR","Dexamethasone","Hodgkin Lymphoma"
"DB01234","PLA2G1B","Dexamethasone","Non-Hodgkin Lymphom"
"DB01234","PLA2G1B","Dexamethasone","Leukemia"
"DB01234","PLA2G1B","Dexamethasone","Hodgkin Lymphoma"
"DB01234","PTGS2","Dexamethasone","Non-Hodgkin Lymphom"
"DB01234","PTGS2","Dexamethasone","Leukemia"
"DB01234","PTGS2","Dexamethasone","Hodgkin Lymphoma"
"DB01234","NR0B1","Dexamethasone","Non-Hodgkin Lymphom"
"DB01234","NR0B1","Dexamethasone","Leukemia"
"DB01234","NR0B1","Dexamethasone","Hodgkin Lymphoma"
"DB01234","NOS2","Dexamethasone","Non-Hodgkin Lymphom"
"DB01234","NOS2","Dexamethasone","Leukemia"
"DB01234","NOS2","Dexamethasone","Hodgkin Lymphoma"
"DB01248","BCL2","Docetaxel","LUAD"
"DB01248","BCL2","Docetaxel","Head and Neck Cancer"
"DB01248","BCL2","Docetaxel","ESCA"
"DB01248","BCL2","Docetaxel","LUSC"
"DB01248","BCL2","Docetaxel","PRAD"
"DB01248","BCL2","Docetaxel","BRCA"
"DB01248","BCL2","Docetaxel","STAD"
"DB01248","TUBB1","Docetaxel","LUAD"
"DB01248","TUBB1","Docetaxel","Head and Neck Cancer"
"DB01248","TUBB1","Docetaxel","ESCA"
"DB01248","TUBB1","Docetaxel","LUSC"
"DB01248","TUBB1","Docetaxel","PRAD"
"DB01248","TUBB1","Docetaxel","BRCA"
"DB01248","TUBB1","Docetaxel","STAD"
"DB01254","MYLK2","Dasatinib","Leukemia"
"DB01254","MYLK2","Dasatinib","Myeloproliferative Neoplasms"
"DB01254","MAP2K5","Dasatinib","Leukemia"
"DB01254","MAP2K5","Dasatinib","Myeloproliferative Neoplasms"
"DB01254","MAP4K2","Dasatinib","Leukemia"
"DB01254","MAP4K2","Dasatinib","Myeloproliferative Neoplasms"
"DB01254","MAP3K13","Dasatinib","Leukemia"
"DB01254","MAP3K13","Dasatinib","Myeloproliferative Neoplasms"
"DB01254","TYK2","Dasatinib","Leukemia"
"DB01254","TYK2","Dasatinib","Myeloproliferative Neoplasms"
"DB01254","LIMK1","Dasatinib","Leukemia"
"DB01254","LIMK1","Dasatinib","Myeloproliferative Neoplasms"
"DB01254","BTK","Dasatinib","Leukemia"
"DB01254","BTK","Dasatinib","Myeloproliferative Neoplasms"
"DB01254","KIT","Dasatinib","Leukemia"
"DB01254","KIT","Dasatinib","Myeloproliferative Neoplasms"
"DB01254","RET","Dasatinib","Leukemia"
"DB01254","RET","Dasatinib","Myeloproliferative Neoplasms"
"DB01254","PTK6","Dasatinib","Leukemia"
"DB01254","PTK6","Dasatinib","Myeloproliferative Neoplasms"
"DB01254","EPHB2","Dasatinib","Leukemia"
"DB01254","EPHB2","Dasatinib","Myeloproliferative Neoplasms"
"DB01254","CSF1R","Dasatinib","Leukemia"
"DB01254","CSF1R","Dasatinib","Myeloproliferative Neoplasms"
"DB01254","EPHB4","Dasatinib","Leukemia"
"DB01254","EPHB4","Dasatinib","Myeloproliferative Neoplasms"
"DB01254","ERBB3","Dasatinib","Leukemia"
"DB01254","ERBB3","Dasatinib","Myeloproliferative Neoplasms"
"DB01254","CSNK1A1","Dasatinib","Leukemia"
"DB01254","CSNK1A1","Dasatinib","Myeloproliferative Neoplasms"
"DB01254","MAPK14","Dasatinib","Leukemia"
"DB01254","MAPK14","Dasatinib","Myeloproliferative Neoplasms"
"DB01254","ABL2","Dasatinib","Leukemia"
"DB01254","ABL2","Dasatinib","Myeloproliferative Neoplasms"
"DB01254","ABL1","Dasatinib","Leukemia"
"DB01254","ABL1","Dasatinib","Myeloproliferative Neoplasms"
"DB01254","TAOK2","Dasatinib","Leukemia"
"DB01254","TAOK2","Dasatinib","Myeloproliferative Neoplasms"
"DB01254","SBK1","Dasatinib","Leukemia"
"DB01254","SBK1","Dasatinib","Myeloproliferative Neoplasms"
"DB01254","PDGFRA","Dasatinib","Leukemia"
"DB01254","PDGFRA","Dasatinib","Myeloproliferative Neoplasms"
"DB01254","STK35","Dasatinib","Leukemia"
"DB01254","STK35","Dasatinib","Myeloproliferative Neoplasms"
"DB01254","HCK","Dasatinib","Leukemia"
"DB01254","HCK","Dasatinib","Myeloproliferative Neoplasms"
"DB01254","EPHA6","Dasatinib","Leukemia"
"DB01254","EPHA6","Dasatinib","Myeloproliferative Neoplasms"
"DB01254","DDR2","Dasatinib","Leukemia"
"DB01254","DDR2","Dasatinib","Myeloproliferative Neoplasms"
"DB01254","NEK2","Dasatinib","Leukemia"
"DB01254","NEK2","Dasatinib","Myeloproliferative Neoplasms"
"DB01254","SRC","Dasatinib","Leukemia"
"DB01254","SRC","Dasatinib","Myeloproliferative Neoplasms"
"DB01254","VRK2","Dasatinib","Leukemia"
"DB01254","VRK2","Dasatinib","Myeloproliferative Neoplasms"
"DB01254","FGFR1","Dasatinib","Leukemia"
"DB01254","FGFR1","Dasatinib","Myeloproliferative Neoplasms"
"DB01254","MINK1","Dasatinib","Leukemia"
"DB01254","MINK1","Dasatinib","Myeloproliferative Neoplasms"
"DB01254","FGFR3","Dasatinib","Leukemia"
"DB01254","FGFR3","Dasatinib","Myeloproliferative Neoplasms"
"DB01254","TEC","Dasatinib","Leukemia"
"DB01254","TEC","Dasatinib","Myeloproliferative Neoplasms"
"DB01254","PDGFRB","Dasatinib","Leukemia"
"DB01254","PDGFRB","Dasatinib","Myeloproliferative Neoplasms"
"DB01254","CYP3A4","Dasatinib","Leukemia"
"DB01254","CYP3A4","Dasatinib","Myeloproliferative Neoplasms"
"DB01254","DDR1","Dasatinib","Leukemia"
"DB01254","DDR1","Dasatinib","Myeloproliferative Neoplasms"
"DB01254","KDR","Dasatinib","Leukemia"
"DB01254","KDR","Dasatinib","Myeloproliferative Neoplasms"
"DB01254","FYN","Dasatinib","Leukemia"
"DB01254","FYN","Dasatinib","Myeloproliferative Neoplasms"
"DB01254","STK4","Dasatinib","Leukemia"
"DB01254","STK4","Dasatinib","Myeloproliferative Neoplasms"
"DB01254","RAF1","Dasatinib","Leukemia"
"DB01254","RAF1","Dasatinib","Myeloproliferative Neoplasms"
"DB01254","STAT5B","Dasatinib","Leukemia"
"DB01254","STAT5B","Dasatinib","Myeloproliferative Neoplasms"
"DB01254","BMPR1A","Dasatinib","Leukemia"
"DB01254","BMPR1A","Dasatinib","Myeloproliferative Neoplasms"
"DB01254","MAP3K3","Dasatinib","Leukemia"
"DB01254","MAP3K3","Dasatinib","Myeloproliferative Neoplasms"
"DB01254","MAP3K7","Dasatinib","Leukemia"
"DB01254","MAP3K7","Dasatinib","Myeloproliferative Neoplasms"
"DB01254","AURKA","Dasatinib","Leukemia"
"DB01254","AURKA","Dasatinib","Myeloproliferative Neoplasms"
"DB01254","TXK","Dasatinib","Leukemia"
"DB01254","TXK","Dasatinib","Myeloproliferative Neoplasms"
"DB01254","NEK11","Dasatinib","Leukemia"
"DB01254","NEK11","Dasatinib","Myeloproliferative Neoplasms"
"DB01254","MAP3K2","Dasatinib","Leukemia"
"DB01254","MAP3K2","Dasatinib","Myeloproliferative Neoplasms"
"DB01254","FLT3","Dasatinib","Leukemia"
"DB01254","FLT3","Dasatinib","Myeloproliferative Neoplasms"
"DB01254","MAP3K19","Dasatinib","Leukemia"
"DB01254","MAP3K19","Dasatinib","Myeloproliferative Neoplasms"
"DB01254","RIPK2","Dasatinib","Leukemia"
"DB01254","RIPK2","Dasatinib","Myeloproliferative Neoplasms"
"DB01254","EGFR","Dasatinib","Leukemia"
"DB01254","EGFR","Dasatinib","Myeloproliferative Neoplasms"
"DB01254","ULK3","Dasatinib","Leukemia"
"DB01254","ULK3","Dasatinib","Myeloproliferative Neoplasms"
"DB01254","BMPR1B","Dasatinib","Leukemia"
"DB01254","BMPR1B","Dasatinib","Myeloproliferative Neoplasms"
"DB01254","LCK","Dasatinib","Leukemia"
"DB01254","LCK","Dasatinib","Myeloproliferative Neoplasms"
"DB01254","ERBB4","Dasatinib","Leukemia"
"DB01254","ERBB4","Dasatinib","Myeloproliferative Neoplasms"
"DB01254","EPHB6","Dasatinib","Leukemia"
"DB01254","EPHB6","Dasatinib","Myeloproliferative Neoplasms"
"DB01254","YES1","Dasatinib","Leukemia"
"DB01254","YES1","Dasatinib","Myeloproliferative Neoplasms"
"DB01254","WEE2","Dasatinib","Leukemia"
"DB01254","WEE2","Dasatinib","Myeloproliferative Neoplasms"
"DB01254","AURKB","Dasatinib","Leukemia"
"DB01254","AURKB","Dasatinib","Myeloproliferative Neoplasms"
"DB01254","JAK3","Dasatinib","Leukemia"
"DB01254","JAK3","Dasatinib","Myeloproliferative Neoplasms"
"DB01254","STK25","Dasatinib","Leukemia"
"DB01254","STK25","Dasatinib","Myeloproliferative Neoplasms"
"DB01254","SIK3","Dasatinib","Leukemia"
"DB01254","SIK3","Dasatinib","Myeloproliferative Neoplasms"
"DB01254","TAOK3","Dasatinib","Leukemia"
"DB01254","TAOK3","Dasatinib","Myeloproliferative Neoplasms"
"DB01254","BRAF","Dasatinib","Leukemia"
"DB01254","BRAF","Dasatinib","Myeloproliferative Neoplasms"
"DB01254","MYT1","Dasatinib","Leukemia"
"DB01254","MYT1","Dasatinib","Myeloproliferative Neoplasms"
"DB01254","EPHA2","Dasatinib","Leukemia"
"DB01254","EPHA2","Dasatinib","Myeloproliferative Neoplasms"
"DB01262","DNMT1","Decitabine","Myeloproliferative Neoplasms"
"DB01269","EGFR","Panitumumab","COAD"
"DB01269","EGFR","Panitumumab","READ"
"DB01280","POLA1","Nelarabine","Leukemia"
"DB01280","POLA1","Nelarabine","Non-Hodgkin Lymphom"
"DB01590","MTOR","Everolimus","KICH"
"DB01590","MTOR","Everolimus","LUAD"
"DB01590","MTOR","Everolimus","BRCA"
"DB01590","MTOR","Everolimus","STAD"
"DB01590","MTOR","Everolimus","LUSC"
"DB01590","MTOR","Everolimus","Gastroenteropancreatic Neuroendocrine Tumors"
"DB01590","MTOR","Everolimus","KIRP"
"DB01590","MTOR","Everolimus","KIRC"
"DB01590","MTOR","Everolimus","Brain Tumors"
"DB01590","MTOR","Everolimus","PAAD"
"DB02546","HDAC1","Vorinostat","Non-Hodgkin Lymphom"
"DB02546","HDAC4","Vorinostat","Non-Hodgkin Lymphom"
"DB02546","HDAC11","Vorinostat","Non-Hodgkin Lymphom"
"DB02546","HDAC5","Vorinostat","Non-Hodgkin Lymphom"
"DB02546","HDAC10","Vorinostat","Non-Hodgkin Lymphom"
"DB02546","HDAC6","Vorinostat","Non-Hodgkin Lymphom"
"DB02546","HDAC8","Vorinostat","Non-Hodgkin Lymphom"
"DB02546","NCOR1","Vorinostat","Non-Hodgkin Lymphom"
"DB02546","HDAC3","Vorinostat","Non-Hodgkin Lymphom"
"DB02546","HDAC2","Vorinostat","Non-Hodgkin Lymphom"
"DB02546","HDAC7","Vorinostat","Non-Hodgkin Lymphom"
"DB02546","HDAC9","Vorinostat","Non-Hodgkin Lymphom"
"DB04572","CYP2B6","Thiotepa","BLCA"
"DB04572","CYP2B6","Thiotepa","BRCA"
"DB04572","CYP2B6","Thiotepa"," Ovarian, Fallopian Tube, or Primary Peritoneal Cancer"
"DB04845","TUBB3","Ixabepilone","BRCA"
"DB04868","MAP3K20","Nilotinib","Myeloproliferative Neoplasms"
"DB04868","MAP3K20","Nilotinib","Leukemia"
"DB04868","EPHA3","Nilotinib","Myeloproliferative Neoplasms"
"DB04868","EPHA3","Nilotinib","Leukemia"
"DB04868","ABL1","Nilotinib","Myeloproliferative Neoplasms"
"DB04868","ABL1","Nilotinib","Leukemia"
"DB04868","TEK","Nilotinib","Myeloproliferative Neoplasms"
"DB04868","TEK","Nilotinib","Leukemia"
"DB04868","TIE1","Nilotinib","Myeloproliferative Neoplasms"
"DB04868","TIE1","Nilotinib","Leukemia"
"DB04868","MAPK8","Nilotinib","Myeloproliferative Neoplasms"
"DB04868","MAPK8","Nilotinib","Leukemia"
"DB04868","RAF1","Nilotinib","Myeloproliferative Neoplasms"
"DB04868","RAF1","Nilotinib","Leukemia"
"DB04868","HCK","Nilotinib","Myeloproliferative Neoplasms"
"DB04868","HCK","Nilotinib","Leukemia"
"DB04868","CA4","Nilotinib","Myeloproliferative Neoplasms"
"DB04868","CA4","Nilotinib","Leukemia"
"DB04868","SRC","Nilotinib","Myeloproliferative Neoplasms"
"DB04868","SRC","Nilotinib","Leukemia"
"DB04868","PDGFRB","Nilotinib","Myeloproliferative Neoplasms"
"DB04868","PDGFRB","Nilotinib","Leukemia"
"DB04868","ABL2","Nilotinib","Myeloproliferative Neoplasms"
"DB04868","ABL2","Nilotinib","Leukemia"
"DB04868","MAPK11","Nilotinib","Myeloproliferative Neoplasms"
"DB04868","MAPK11","Nilotinib","Leukemia"
"DB04868","FLT3","Nilotinib","Myeloproliferative Neoplasms"
"DB04868","FLT3","Nilotinib","Leukemia"
"DB04868","EPHA1","Nilotinib","Myeloproliferative Neoplasms"
"DB04868","EPHA1","Nilotinib","Leukemia"
"DB04868","TAOK1","Nilotinib","Myeloproliferative Neoplasms"
"DB04868","TAOK1","Nilotinib","Leukemia"
"DB04868","CA1","Nilotinib","Myeloproliferative Neoplasms"
"DB04868","CA1","Nilotinib","Leukemia"
"DB04868","BRAF","Nilotinib","Myeloproliferative Neoplasms"
"DB04868","BRAF","Nilotinib","Leukemia"
"DB04868","FGR","Nilotinib","Myeloproliferative Neoplasms"
"DB04868","FGR","Nilotinib","Leukemia"
"DB04868","CA2","Nilotinib","Myeloproliferative Neoplasms"
"DB04868","CA2","Nilotinib","Leukemia"
"DB04868","PDGFRA","Nilotinib","Myeloproliferative Neoplasms"
"DB04868","PDGFRA","Nilotinib","Leukemia"
"DB04868","EPHA5","Nilotinib","Myeloproliferative Neoplasms"
"DB04868","EPHA5","Nilotinib","Leukemia"
"DB04868","EPHA8","Nilotinib","Myeloproliferative Neoplasms"
"DB04868","EPHA8","Nilotinib","Leukemia"
"DB04868","CA3","Nilotinib","Myeloproliferative Neoplasms"
"DB04868","CA3","Nilotinib","Leukemia"
"DB04868","DDR1","Nilotinib","Myeloproliferative Neoplasms"
"DB04868","DDR1","Nilotinib","Leukemia"
"DB04868","EPHA4","Nilotinib","Myeloproliferative Neoplasms"
"DB04868","EPHA4","Nilotinib","Leukemia"
"DB04868","MAPK10","Nilotinib","Myeloproliferative Neoplasms"
"DB04868","MAPK10","Nilotinib","Leukemia"
"DB04868","CSF1R","Nilotinib","Myeloproliferative Neoplasms"
"DB04868","CSF1R","Nilotinib","Leukemia"
"DB04868","NTRK3","Nilotinib","Myeloproliferative Neoplasms"
"DB04868","NTRK3","Nilotinib","Leukemia"
"DB04868","EPHB2","Nilotinib","Myeloproliferative Neoplasms"
"DB04868","EPHB2","Nilotinib","Leukemia"
"DB04868","LYN","Nilotinib","Myeloproliferative Neoplasms"
"DB04868","LYN","Nilotinib","Leukemia"
"DB04868","MAPK9","Nilotinib","Myeloproliferative Neoplasms"
"DB04868","MAPK9","Nilotinib","Leukemia"
"DB04868","CA7","Nilotinib","Myeloproliferative Neoplasms"
"DB04868","CA7","Nilotinib","Leukemia"
"DB04868","CDC42BPB","Nilotinib","Myeloproliferative Neoplasms"
"DB04868","CDC42BPB","Nilotinib","Leukemia"
"DB04868","EPHA2","Nilotinib","Myeloproliferative Neoplasms"
"DB04868","EPHA2","Nilotinib","Leukemia"
"DB04868","CLK4","Nilotinib","Myeloproliferative Neoplasms"
"DB04868","CLK4","Nilotinib","Leukemia"
"DB04868","TAOK3","Nilotinib","Myeloproliferative Neoplasms"
"DB04868","TAOK3","Nilotinib","Leukemia"
"DB04868","TNNI3K","Nilotinib","Myeloproliferative Neoplasms"
"DB04868","TNNI3K","Nilotinib","Leukemia"
"DB04868","EPHB6","Nilotinib","Myeloproliferative Neoplasms"
"DB04868","EPHB6","Nilotinib","Leukemia"
"DB04868","MAP2K5","Nilotinib","Myeloproliferative Neoplasms"
"DB04868","MAP2K5","Nilotinib","Leukemia"
"DB04868","RET","Nilotinib","Myeloproliferative Neoplasms"
"DB04868","RET","Nilotinib","Leukemia"
"DB04868","EPHB4","Nilotinib","Myeloproliferative Neoplasms"
"DB04868","EPHB4","Nilotinib","Leukemia"
"DB04868","YES1","Nilotinib","Myeloproliferative Neoplasms"
"DB04868","YES1","Nilotinib","Leukemia"
"DB04868","CA9","Nilotinib","Myeloproliferative Neoplasms"
"DB04868","CA9","Nilotinib","Leukemia"
"DB04868","EPHB1","Nilotinib","Myeloproliferative Neoplasms"
"DB04868","EPHB1","Nilotinib","Leukemia"
"DB04868","MAP4K1","Nilotinib","Myeloproliferative Neoplasms"
"DB04868","MAP4K1","Nilotinib","Leukemia"
"DB04868","MAPK14","Nilotinib","Myeloproliferative Neoplasms"
"DB04868","MAPK14","Nilotinib","Leukemia"
"DB04868","BLK","Nilotinib","Myeloproliferative Neoplasms"
"DB04868","BLK","Nilotinib","Leukemia"
"DB04868","NTRK2","Nilotinib","Myeloproliferative Neoplasms"
"DB04868","NTRK2","Nilotinib","Leukemia"
"DB04868","LCK","Nilotinib","Myeloproliferative Neoplasms"
"DB04868","LCK","Nilotinib","Leukemia"
"DB04868","STK10","Nilotinib","Myeloproliferative Neoplasms"
"DB04868","STK10","Nilotinib","Leukemia"
"DB04868","EPHB3","Nilotinib","Myeloproliferative Neoplasms"
"DB04868","EPHB3","Nilotinib","Leukemia"
"DB04868","FYN","Nilotinib","Myeloproliferative Neoplasms"
"DB04868","FYN","Nilotinib","Leukemia"
"DB04868","PIP4K2C","Nilotinib","Myeloproliferative Neoplasms"
"DB04868","PIP4K2C","Nilotinib","Leukemia"
"DB04868","CA12","Nilotinib","Myeloproliferative Neoplasms"
"DB04868","CA12","Nilotinib","Leukemia"
"DB04868","DDR2","Nilotinib","Myeloproliferative Neoplasms"
"DB04868","DDR2","Nilotinib","Leukemia"
"DB04868","CA14","Nilotinib","Myeloproliferative Neoplasms"
"DB04868","CA14","Nilotinib","Leukemia"
"DB04868","CLK1","Nilotinib","Myeloproliferative Neoplasms"
"DB04868","CLK1","Nilotinib","Leukemia"
"DB04868","CA6","Nilotinib","Myeloproliferative Neoplasms"
"DB04868","CA6","Nilotinib","Leukemia"
"DB04868","FRK","Nilotinib","Myeloproliferative Neoplasms"
"DB04868","FRK","Nilotinib","Leukemia"
"DB04868","EPHA6","Nilotinib","Myeloproliferative Neoplasms"
"DB04868","EPHA6","Nilotinib","Leukemia"
"DB04868","KIT","Nilotinib","Myeloproliferative Neoplasms"
"DB04868","KIT","Nilotinib","Leukemia"
"DB04868","CA5A","Nilotinib","Myeloproliferative Neoplasms"
"DB04868","CA5A","Nilotinib","Leukemia"
"DB04868","CSK","Nilotinib","Myeloproliferative Neoplasms"
"DB04868","CSK","Nilotinib","Leukemia"
"DB05294","MAP2K5","Vandetanib","THCA"
"DB05294","HCK","Vandetanib","THCA"
"DB05294","RIPK2","Vandetanib","THCA"
"DB05294","STK35","Vandetanib","THCA"
"DB05294","ULK3","Vandetanib","THCA"
"DB05294","CSK","Vandetanib","THCA"
"DB05294","MAP4K2","Vandetanib","THCA"
"DB05294","MAP3K4","Vandetanib","THCA"
"DB05294","EGFR","Vandetanib","THCA"
"DB05294","FGFR1","Vandetanib","THCA"
"DB05294","MET","Vandetanib","THCA"
"DB05294","GAK","Vandetanib","THCA"
"DB05294","PHKG1","Vandetanib","THCA"
"DB05294","FRK","Vandetanib","THCA"
"DB05294","FYN","Vandetanib","THCA"
"DB05294","FGFR4","Vandetanib","THCA"
"DB05294","EPHA8","Vandetanib","THCA"
"DB05294","EPHB1","Vandetanib","THCA"
"DB05294","MKNK2","Vandetanib","THCA"
"DB05294","IRAK4","Vandetanib","THCA"
"DB05294","MAP3K19","Vandetanib","THCA"
"DB05294","TNIK","Vandetanib","THCA"
"DB05294","EPHA6","Vandetanib","THCA"
"DB05294","SLK","Vandetanib","THCA"
"DB05294","PRKAA1","Vandetanib","THCA"
"DB05294","YES1","Vandetanib","THCA"
"DB05294","ERBB3","Vandetanib","THCA"
"DB05294","EPHA7","Vandetanib","THCA"
"DB05294","ROCK2","Vandetanib","THCA"
"DB05294","EPHA2","Vandetanib","THCA"
"DB05294","SRC","Vandetanib","THCA"
"DB05294","IRAK1","Vandetanib","THCA"
"DB05294","FLT4","Vandetanib","THCA"
"DB05294","FGR","Vandetanib","THCA"
"DB05294","KIT","Vandetanib","THCA"
"DB05294","EPHB6","Vandetanib","THCA"
"DB05294","MAP4K5","Vandetanib","THCA"
"DB05294","TEK","Vandetanib","THCA"
"DB05294","LCK","Vandetanib","THCA"
"DB05294","ERBB4","Vandetanib","THCA"
"DB05294","RPS6KB1","Vandetanib","THCA"
"DB05294","LYN","Vandetanib","THCA"
"DB05294","EPHB4","Vandetanib","THCA"
"DB05294","EPHA3","Vandetanib","THCA"
"DB05294","RET","Vandetanib","THCA"
"DB05294","RIPK4","Vandetanib","THCA"
"DB05294","ABL1","Vandetanib","THCA"
"DB05294","FLT1","Vandetanib","THCA"
"DB05294","CDK7","Vandetanib","THCA"
"DB05294","MINK1","Vandetanib","THCA"
"DB05294","STK10","Vandetanib","THCA"
"DB05294","MST1R","Vandetanib","THCA"
"DB05294","CSF1R","Vandetanib","THCA"
"DB05294","PDGFRB","Vandetanib","THCA"
"DB05294","HUNK","Vandetanib","THCA"
"DB05294","STK32A","Vandetanib","THCA"
"DB05294","PLK4","Vandetanib","THCA"
"DB05294","EPHA5","Vandetanib","THCA"
"DB05294","PTK6","Vandetanib","THCA"
"DB05294","BMPR1B","Vandetanib","THCA"
"DB05294","ABL2","Vandetanib","THCA"
"DB05294","FGFR2","Vandetanib","THCA"
"DB05294","PHKG2","Vandetanib","THCA"
"DB05294","MAP4K1","Vandetanib","THCA"
"DB05294","KDR","Vandetanib","THCA"
"DB05294","CSNK1E","Vandetanib","THCA"
"DB05294","FLT3","Vandetanib","THCA"
"DB05294","SIK3","Vandetanib","THCA"
"DB05294","EPHA4","Vandetanib","THCA"
"DB05294","FGFR3","Vandetanib","THCA"
"DB05294","BTK","Vandetanib","THCA"
"DB06287","MTOR","Temsirolimus","KIRC"
"DB06287","MTOR","Temsirolimus","KICH"
"DB06287","MTOR","Temsirolimus","KIRP"
"DB06616","MYO3B","Bosutinib","Leukemia"
"DB06616","MAP2K1","Bosutinib","Leukemia"
"DB06616","RET","Bosutinib","Leukemia"
"DB06616","PDGFRA","Bosutinib","Leukemia"
"DB06616","STK4","Bosutinib","Leukemia"
"DB06616","MAP3K1","Bosutinib","Leukemia"
"DB06616","RIOK3","Bosutinib","Leukemia"
"DB06616","CSNK1A1L","Bosutinib","Leukemia"
"DB06616","CDK14","Bosutinib","Leukemia"
"DB06616","TAOK2","Bosutinib","Leukemia"
"DB06616","TBK1","Bosutinib","Leukemia"
"DB06616","MAP4K1","Bosutinib","Leukemia"
"DB06616","PLK2","Bosutinib","Leukemia"
"DB06616","MAP3K4","Bosutinib","Leukemia"
"DB06616","TYK2","Bosutinib","Leukemia"
"DB06616","PRKD3","Bosutinib","Leukemia"
"DB06616","PRKAA1","Bosutinib","Leukemia"
"DB06616","JAK2","Bosutinib","Leukemia"
"DB06616","ABL1","Bosutinib","Leukemia"
"DB06616","AXL","Bosutinib","Leukemia"
"DB06616","MAP4K2","Bosutinib","Leukemia"
"DB06616","NPM1","Bosutinib","Leukemia"
"DB06616","CLK3","Bosutinib","Leukemia"
"DB06616","STK35","Bosutinib","Leukemia"
"DB06616","ALK","Bosutinib","Leukemia"
"DB06616","STK24","Bosutinib","Leukemia"
"DB06616","MAP3K2","Bosutinib","Leukemia"
"DB06616","HIPK3","Bosutinib","Leukemia"
"DB06616","EPHA8","Bosutinib","Leukemia"
"DB06616","CDK7","Bosutinib","Leukemia"
"DB06616","HUNK","Bosutinib","Leukemia"
"DB06616","FYN","Bosutinib","Leukemia"
"DB06616","SIK1","Bosutinib","Leukemia"
"DB06616","MAP3K19","Bosutinib","Leukemia"
"DB06616","HCK","Bosutinib","Leukemia"
"DB06616","SRMS","Bosutinib","Leukemia"
"DB06616","CLK2","Bosutinib","Leukemia"
"DB06616","MAP4K4","Bosutinib","Leukemia"
"DB06616","MAP2K4","Bosutinib","Leukemia"
"DB06616","ERBB2","Bosutinib","Leukemia"
"DB06616","CAMK1D","Bosutinib","Leukemia"
"DB06616","RPS6KA6","Bosutinib","Leukemia"
"DB06616","CASK","Bosutinib","Leukemia"
"DB06616","BMPR2","Bosutinib","Leukemia"
"DB06616","MAP3K20","Bosutinib","Leukemia"
"DB06616","ULK3","Bosutinib","Leukemia"
"DB06616","MAP3K9","Bosutinib","Leukemia"
"DB06616","STK25","Bosutinib","Leukemia"
"DB06616","MAP4K3","Bosutinib","Leukemia"
"DB06616","PTK2B","Bosutinib","Leukemia"
"DB06616","MINK1","Bosutinib","Leukemia"
"DB06616","BTK","Bosutinib","Leukemia"
"DB06616","DDR2","Bosutinib","Leukemia"
"DB06616","CDK15","Bosutinib","Leukemia"
"DB06616","MAP3K13","Bosutinib","Leukemia"
"DB06616","EPHB4","Bosutinib","Leukemia"
"DB06616","MAP3K3","Bosutinib","Leukemia"
"DB06616","TAOK3","Bosutinib","Leukemia"
"DB06616","WEE1","Bosutinib","Leukemia"
"DB06616","EPHA5","Bosutinib","Leukemia"
"DB06616","LTK","Bosutinib","Leukemia"
"DB06616","MAP2K3","Bosutinib","Leukemia"
"DB06616","FRK","Bosutinib","Leukemia"
"DB06616","PHKG2","Bosutinib","Leukemia"
"DB06616","NIM1K","Bosutinib","Leukemia"
"DB06616","MATK","Bosutinib","Leukemia"
"DB06616","TEC","Bosutinib","Leukemia"
"DB06616","NLK","Bosutinib","Leukemia"
"DB06616","PKMYT1","Bosutinib","Leukemia"
"DB06616","NUAK1","Bosutinib","Leukemia"
"DB06616","EPHB3","Bosutinib","Leukemia"
"DB06616","ERBB4","Bosutinib","Leukemia"
"DB06616","EPHB6","Bosutinib","Leukemia"
"DB06616","RPS6KB1","Bosutinib","Leukemia"
"DB06616","ERBB3","Bosutinib","Leukemia"
"DB06616","VRK2","Bosutinib","Leukemia"
"DB06616","ROCK2","Bosutinib","Leukemia"
"DB06616","EPHA4","Bosutinib","Leukemia"
"DB06616","MYO3A","Bosutinib","Leukemia"
"DB06616","TIE1","Bosutinib","Leukemia"
"DB06616","CSNK1E","Bosutinib","Leukemia"
"DB06616","NEK11","Bosutinib","Leukemia"
"DB06616","SLK","Bosutinib","Leukemia"
"DB06616","RPS6KA3","Bosutinib","Leukemia"
"DB06616","MAP2K2","Bosutinib","Leukemia"
"DB06616","PAK2","Bosutinib","Leukemia"
"DB06616","TXK","Bosutinib","Leukemia"
"DB06616","MAP3K11","Bosutinib","Leukemia"
"DB06616","MAP2K6","Bosutinib","Leukemia"
"DB06616","EPHA6","Bosutinib","Leukemia"
"DB06616","TNIK","Bosutinib","Leukemia"
"DB06616","EPHA3","Bosutinib","Leukemia"
"DB06616","MAP3K12","Bosutinib","Leukemia"
"DB06616","MAP2K5","Bosutinib","Leukemia"
"DB06616","DSTYK","Bosutinib","Leukemia"
"DB06616","RPS6KA2","Bosutinib","Leukemia"
"DB06616","CSF1R","Bosutinib","Leukemia"
"DB06616","ULK2","Bosutinib","Leukemia"
"DB06616","NEK2","Bosutinib","Leukemia"
"DB06616","ZAP70","Bosutinib","Leukemia"
"DB06616","EIF2AK1","Bosutinib","Leukemia"
"DB06616","STK32A","Bosutinib","Leukemia"
"DB06616","ANKK1","Bosutinib","Leukemia"
"DB06616","ROCK1","Bosutinib","Leukemia"
"DB06616","BMP2K","Bosutinib","Leukemia"
"DB06616","MST1R","Bosutinib","Leukemia"
"DB06616","STK26","Bosutinib","Leukemia"
"DB06616","FER","Bosutinib","Leukemia"
"DB06616","HIPK1","Bosutinib","Leukemia"
"DB06616","ULK1","Bosutinib","Leukemia"
"DB06616","CDK16","Bosutinib","Leukemia"
"DB06616","NTRK1","Bosutinib","Leukemia"
"DB06616","GRK7","Bosutinib","Leukemia"
"DB06616","SRPK3","Bosutinib","Leukemia"
"DB06616","ITK","Bosutinib","Leukemia"
"DB06616","CSNK1A1","Bosutinib","Leukemia"
"DB06616","MERTK","Bosutinib","Leukemia"
"DB06616","LYN","Bosutinib","Leukemia"
"DB06616","IRAK1","Bosutinib","Leukemia"
"DB06616","PRKCE","Bosutinib","Leukemia"
"DB06616","CLK1","Bosutinib","Leukemia"
"DB06616","FES","Bosutinib","Leukemia"
"DB06616","TEK","Bosutinib","Leukemia"
"DB06616","MAST1","Bosutinib","Leukemia"
"DB06616","PRKCQ","Bosutinib","Leukemia"
"DB06616","SYK","Bosutinib","Leukemia"
"DB06616","CIT","Bosutinib","Leukemia"
"DB06616","BMX","Bosutinib","Leukemia"
"DB06616","IRAK4","Bosutinib","Leukemia"
"DB06616","HIPK4","Bosutinib","Leukemia"
"DB06616","PDGFRB","Bosutinib","Leukemia"
"DB06616","TLK2","Bosutinib","Leukemia"
"DB06616","MAP2K7","Bosutinib","Leukemia"
"DB06616","PTK2","Bosutinib","Leukemia"
"DB06616","NUAK2","Bosutinib","Leukemia"
"DB06616","SIK3","Bosutinib","Leukemia"
"DB06616","DCLK3","Bosutinib","Leukemia"
"DB06616","MAPK7","Bosutinib","Leukemia"
"DB06616","SIK2","Bosutinib","Leukemia"
"DB06616","LCK","Bosutinib","Leukemia"
"DB06616","CSNK1D","Bosutinib","Leukemia"
"DB06616","GAK","Bosutinib","Leukemia"
"DB06616","EPHA2","Bosutinib","Leukemia"
"DB06616","STK36","Bosutinib","Leukemia"
"DB06616","PRKCD","Bosutinib","Leukemia"
"DB06616","RIPK2","Bosutinib","Leukemia"
"DB06616","CSK","Bosutinib","Leukemia"
"DB06616","MYLK","Bosutinib","Leukemia"
"DB06616","PAK1","Bosutinib","Leukemia"
"DB06616","RIOK1","Bosutinib","Leukemia"
"DB06616","DMPK","Bosutinib","Leukemia"
"DB06616","EPHB2","Bosutinib","Leukemia"
"DB06616","JAK3","Bosutinib","Leukemia"
"DB06616","EPHB1","Bosutinib","Leukemia"
"DB06616","TNK2","Bosutinib","Leukemia"
"DB06616","TNNI3K","Bosutinib","Leukemia"
"DB06616","EPHA1","Bosutinib","Leukemia"
"DB06616","IKBKE","Bosutinib","Leukemia"
"DB06616","AAK1","Bosutinib","Leukemia"
"DB06616","EIF2AK4","Bosutinib","Leukemia"
"DB06616","BLK","Bosutinib","Leukemia"
"DB06616","WEE2","Bosutinib","Leukemia"
"DB06616","NTRK2","Bosutinib","Leukemia"
"DB06616","FLT3","Bosutinib","Leukemia"
"DB06616","STK10","Bosutinib","Leukemia"
"DB06616","PLK1","Bosutinib","Leukemia"
"DB06616","CAMK2A","Bosutinib","Leukemia"
"DB06616","DDR1","Bosutinib","Leukemia"
"DB06616","TYRO3","Bosutinib","Leukemia"
"DB06616","PKN2","Bosutinib","Leukemia"
"DB06616","PKN1","Bosutinib","Leukemia"
"DB06616","TSSK1B","Bosutinib","Leukemia"
"DB06616","MAP4K5","Bosutinib","Leukemia"
"DB06616","STK3","Bosutinib","Leukemia"
"DB06616","HIPK2","Bosutinib","Leukemia"
"DB06616","TLK1","Bosutinib","Leukemia"
"DB06616","CAMK2G","Bosutinib","Leukemia"
"DB06616","MET","Bosutinib","Leukemia"
"DB06616","LRRK2","Bosutinib","Leukemia"
"DB06616","PIP5K1A","Bosutinib","Leukemia"
"DB06616","PAK3","Bosutinib","Leukemia"
"DB06616","KIT","Bosutinib","Leukemia"
"DB06616","NTRK3","Bosutinib","Leukemia"
"DB06616","MAP3K7","Bosutinib","Leukemia"
"DB06616","ABL2","Bosutinib","Leukemia"
"DB06616","STK39","Bosutinib","Leukemia"
"DB06616","CHEK1","Bosutinib","Leukemia"
"DB06616","CLK4","Bosutinib","Leukemia"
"DB06616","SRC","Bosutinib","Leukemia"
"DB06616","CAMKK2","Bosutinib","Leukemia"
"DB06616","FGR","Bosutinib","Leukemia"
"DB06616","EGFR","Bosutinib","Leukemia"
"DB06616","CHEK2","Bosutinib","Leukemia"
"DB06616","STK33","Bosutinib","Leukemia"
"DB06616","TAOK1","Bosutinib","Leukemia"
"DB06616","PHKG1","Bosutinib","Leukemia"
"DB06616","YES1","Bosutinib","Leukemia"
"DB06616","GRK4","Bosutinib","Leukemia"
"DB06699","GNRHR","Degarelix","PRAD"
"DB06772","TUBB1","Cabazitaxel","PRAD"
"DB06772","TUBA4A","Cabazitaxel","PRAD"
"DB06809","CCR2","Plerixafor","Non-Hodgkin Lymphom"
"DB06809","CCR2","Plerixafor","Multiple Myeloma and Other Plasma Cell Neoplasms"
"DB06809","CCR4","Plerixafor","Non-Hodgkin Lymphom"
"DB06809","CCR4","Plerixafor","Multiple Myeloma and Other Plasma Cell Neoplasms"
"DB06809","CXCR4","Plerixafor","Non-Hodgkin Lymphom"
"DB06809","CXCR4","Plerixafor","Multiple Myeloma and Other Plasma Cell Neoplasms"
"DB06813","DHFR","Pralatrexate","Non-Hodgkin Lymphom"
"DB08828","ALB","Vismodegib","SKCM"
"DB08828","SHH","Vismodegib","SKCM"
"DB08828","SMO","Vismodegib","SKCM"
"DB08865","STK4","Crizotinib","LUSC"
"DB08865","STK4","Crizotinib","LUAD"
"DB08865","ULK3","Crizotinib","LUSC"
"DB08865","ULK3","Crizotinib","LUAD"
"DB08865","IGF1R","Crizotinib","LUSC"
"DB08865","IGF1R","Crizotinib","LUAD"
"DB08865","ABL1","Crizotinib","LUSC"
"DB08865","ABL1","Crizotinib","LUAD"
"DB08865","LTK","Crizotinib","LUSC"
"DB08865","LTK","Crizotinib","LUAD"
"DB08865","MAP3K13","Crizotinib","LUSC"
"DB08865","MAP3K13","Crizotinib","LUAD"
"DB08865","NEK9","Crizotinib","LUSC"
"DB08865","NEK9","Crizotinib","LUAD"
"DB08865","TAOK1","Crizotinib","LUSC"
"DB08865","TAOK1","Crizotinib","LUAD"
"DB08865","DMPK","Crizotinib","LUSC"
"DB08865","DMPK","Crizotinib","LUAD"
"DB08865","PLK4","Crizotinib","LUSC"
"DB08865","PLK4","Crizotinib","LUAD"
"DB08865","ROCK2","Crizotinib","LUSC"
"DB08865","ROCK2","Crizotinib","LUAD"
"DB08865","NTRK1","Crizotinib","LUSC"
"DB08865","NTRK1","Crizotinib","LUAD"
"DB08865","TBK1","Crizotinib","LUSC"
"DB08865","TBK1","Crizotinib","LUAD"
"DB08865","EPHA2","Crizotinib","LUSC"
"DB08865","EPHA2","Crizotinib","LUAD"
"DB08865","MERTK","Crizotinib","LUSC"
"DB08865","MERTK","Crizotinib","LUAD"
"DB08865","LIMK1","Crizotinib","LUSC"
"DB08865","LIMK1","Crizotinib","LUAD"
"DB08865","DYRK2","Crizotinib","LUSC"
"DB08865","DYRK2","Crizotinib","LUAD"
"DB08865","IKBKE","Crizotinib","LUSC"
"DB08865","IKBKE","Crizotinib","LUAD"
"DB08865","CDK7","Crizotinib","LUSC"
"DB08865","CDK7","Crizotinib","LUAD"
"DB08865","LIMK2","Crizotinib","LUSC"
"DB08865","LIMK2","Crizotinib","LUAD"
"DB08865","PTK2","Crizotinib","LUSC"
"DB08865","PTK2","Crizotinib","LUAD"
"DB08865","SBK3","Crizotinib","LUSC"
"DB08865","SBK3","Crizotinib","LUAD"
"DB08865","MAP3K1","Crizotinib","LUSC"
"DB08865","MAP3K1","Crizotinib","LUAD"
"DB08865","ACVR1","Crizotinib","LUSC"
"DB08865","ACVR1","Crizotinib","LUAD"
"DB08865","CAMKK2","Crizotinib","LUSC"
"DB08865","CAMKK2","Crizotinib","LUAD"
"DB08865","EPHA8","Crizotinib","LUSC"
"DB08865","EPHA8","Crizotinib","LUAD"
"DB08865","MAP3K19","Crizotinib","LUSC"
"DB08865","MAP3K19","Crizotinib","LUAD"
"DB08865","MAP4K2","Crizotinib","LUSC"
"DB08865","MAP4K2","Crizotinib","LUAD"
"DB08865","DDR1","Crizotinib","LUSC"
"DB08865","DDR1","Crizotinib","LUAD"
"DB08865","MAP4K1","Crizotinib","LUSC"
"DB08865","MAP4K1","Crizotinib","LUAD"
"DB08865","DSTYK","Crizotinib","LUSC"
"DB08865","DSTYK","Crizotinib","LUAD"
"DB08865","RIPK4","Crizotinib","LUSC"
"DB08865","RIPK4","Crizotinib","LUAD"
"DB08865","MAP3K3","Crizotinib","LUSC"
"DB08865","MAP3K3","Crizotinib","LUAD"
"DB08865","MAP3K2","Crizotinib","LUSC"
"DB08865","MAP3K2","Crizotinib","LUAD"
"DB08865","EPHA6","Crizotinib","LUSC"
"DB08865","EPHA6","Crizotinib","LUAD"
"DB08865","PRKAA1","Crizotinib","LUSC"
"DB08865","PRKAA1","Crizotinib","LUAD"
"DB08865","NEK7","Crizotinib","LUSC"
"DB08865","NEK7","Crizotinib","LUAD"
"DB08865","TEK","Crizotinib","LUSC"
"DB08865","TEK","Crizotinib","LUAD"
"DB08865","EPHA7","Crizotinib","LUSC"
"DB08865","EPHA7","Crizotinib","LUAD"
"DB08865","ALK","Crizotinib","LUSC"
"DB08865","ALK","Crizotinib","LUAD"
"DB08865","RET","Crizotinib","LUSC"
"DB08865","RET","Crizotinib","LUAD"
"DB08865","BTK","Crizotinib","LUSC"
"DB08865","BTK","Crizotinib","LUAD"
"DB08865","KIT","Crizotinib","LUSC"
"DB08865","KIT","Crizotinib","LUAD"
"DB08865","AURKB","Crizotinib","LUSC"
"DB08865","AURKB","Crizotinib","LUAD"
"DB08865","STK3","Crizotinib","LUSC"
"DB08865","STK3","Crizotinib","LUAD"
"DB08865","STK26","Crizotinib","LUSC"
"DB08865","STK26","Crizotinib","LUAD"
"DB08865","MAP3K12","Crizotinib","LUSC"
"DB08865","MAP3K12","Crizotinib","LUAD"
"DB08865","RIPK2","Crizotinib","LUSC"
"DB08865","RIPK2","Crizotinib","LUAD"
"DB08865","PIP5K1A","Crizotinib","LUSC"
"DB08865","PIP5K1A","Crizotinib","LUAD"
"DB08865","CDK11B","Crizotinib","LUSC"
"DB08865","CDK11B","Crizotinib","LUAD"
"DB08865","TAOK2","Crizotinib","LUSC"
"DB08865","TAOK2","Crizotinib","LUAD"
"DB08865","TGFBR1","Crizotinib","LUSC"
"DB08865","TGFBR1","Crizotinib","LUAD"
"DB08865","PRKD3","Crizotinib","LUSC"
"DB08865","PRKD3","Crizotinib","LUAD"
"DB08865","EPHA1","Crizotinib","LUSC"
"DB08865","EPHA1","Crizotinib","LUAD"
"DB08865","CSF1R","Crizotinib","LUSC"
"DB08865","CSF1R","Crizotinib","LUAD"
"DB08865","EPHB4","Crizotinib","LUSC"
"DB08865","EPHB4","Crizotinib","LUAD"
"DB08865","RIOK1","Crizotinib","LUSC"
"DB08865","RIOK1","Crizotinib","LUAD"
"DB08865","AXL","Crizotinib","LUSC"
"DB08865","AXL","Crizotinib","LUAD"
"DB08865","FRK","Crizotinib","LUSC"
"DB08865","FRK","Crizotinib","LUAD"
"DB08865","MET","Crizotinib","LUSC"
"DB08865","MET","Crizotinib","LUAD"
"DB08865","EPHA5","Crizotinib","LUSC"
"DB08865","EPHA5","Crizotinib","LUAD"
"DB08865","HIPK4","Crizotinib","LUSC"
"DB08865","HIPK4","Crizotinib","LUAD"
"DB08865","LYN","Crizotinib","LUSC"
"DB08865","LYN","Crizotinib","LUAD"
"DB08865","BLK","Crizotinib","LUSC"
"DB08865","BLK","Crizotinib","LUAD"
"DB08865","FLT1","Crizotinib","LUSC"
"DB08865","FLT1","Crizotinib","LUAD"
"DB08865","SRPK3","Crizotinib","LUSC"
"DB08865","SRPK3","Crizotinib","LUAD"
"DB08865","TIE1","Crizotinib","LUSC"
"DB08865","TIE1","Crizotinib","LUAD"
"DB08865","JAK3","Crizotinib","LUSC"
"DB08865","JAK3","Crizotinib","LUAD"
"DB08865","SRC","Crizotinib","LUSC"
"DB08865","SRC","Crizotinib","LUAD"
"DB08865","IRAK1","Crizotinib","LUSC"
"DB08865","IRAK1","Crizotinib","LUAD"
"DB08865","NIM1K","Crizotinib","LUSC"
"DB08865","NIM1K","Crizotinib","LUAD"
"DB08865","FYN","Crizotinib","LUSC"
"DB08865","FYN","Crizotinib","LUAD"
"DB08865","SRPK1","Crizotinib","LUSC"
"DB08865","SRPK1","Crizotinib","LUAD"
"DB08865","PTK2B","Crizotinib","LUSC"
"DB08865","PTK2B","Crizotinib","LUAD"
"DB08865","PRKD1","Crizotinib","LUSC"
"DB08865","PRKD1","Crizotinib","LUAD"
"DB08865","EIF2AK2","Crizotinib","LUSC"
"DB08865","EIF2AK2","Crizotinib","LUAD"
"DB08865","LCK","Crizotinib","LUSC"
"DB08865","LCK","Crizotinib","LUAD"
"DB08865","FGFR3","Crizotinib","LUSC"
"DB08865","FGFR3","Crizotinib","LUAD"
"DB08865","RIOK3","Crizotinib","LUSC"
"DB08865","RIOK3","Crizotinib","LUAD"
"DB08865","YES1","Crizotinib","LUSC"
"DB08865","YES1","Crizotinib","LUAD"
"DB08865","SIK2","Crizotinib","LUSC"
"DB08865","SIK2","Crizotinib","LUAD"
"DB08865","ACVR1B","Crizotinib","LUSC"
"DB08865","ACVR1B","Crizotinib","LUAD"
"DB08865","CDKL2","Crizotinib","LUSC"
"DB08865","CDKL2","Crizotinib","LUAD"
"DB08865","COQ8B","Crizotinib","LUSC"
"DB08865","COQ8B","Crizotinib","LUAD"
"DB08865","IRAK4","Crizotinib","LUSC"
"DB08865","IRAK4","Crizotinib","LUAD"
"DB08865","IRAK3","Crizotinib","LUSC"
"DB08865","IRAK3","Crizotinib","LUAD"
"DB08865","SBK1","Crizotinib","LUSC"
"DB08865","SBK1","Crizotinib","LUAD"
"DB08865","JAK1","Crizotinib","LUSC"
"DB08865","JAK1","Crizotinib","LUAD"
"DB08865","TNK2","Crizotinib","LUSC"
"DB08865","TNK2","Crizotinib","LUAD"
"DB08865","TYRO3","Crizotinib","LUSC"
"DB08865","TYRO3","Crizotinib","LUAD"
"DB08865","JAK2","Crizotinib","LUSC"
"DB08865","JAK2","Crizotinib","LUAD"
"DB08865","ITK","Crizotinib","LUSC"
"DB08865","ITK","Crizotinib","LUAD"
"DB08865","INSRR","Crizotinib","LUSC"
"DB08865","INSRR","Crizotinib","LUAD"
"DB08865","RPS6KB1","Crizotinib","LUSC"
"DB08865","RPS6KB1","Crizotinib","LUAD"
"DB08865","MST1R","Crizotinib","LUSC"
"DB08865","MST1R","Crizotinib","LUAD"
"DB08865","DCLK2","Crizotinib","LUSC"
"DB08865","DCLK2","Crizotinib","LUAD"
"DB08865","AURKC","Crizotinib","LUSC"
"DB08865","AURKC","Crizotinib","LUAD"
"DB08865","NUAK2","Crizotinib","LUSC"
"DB08865","NUAK2","Crizotinib","LUAD"
"DB08865","EGFR","Crizotinib","LUSC"
"DB08865","EGFR","Crizotinib","LUAD"
"DB08865","TAOK3","Crizotinib","LUSC"
"DB08865","TAOK3","Crizotinib","LUAD"
"DB08865","FER","Crizotinib","LUSC"
"DB08865","FER","Crizotinib","LUAD"
"DB08865","TXK","Crizotinib","LUSC"
"DB08865","TXK","Crizotinib","LUAD"
"DB08865","MAP2K3","Crizotinib","LUSC"
"DB08865","MAP2K3","Crizotinib","LUAD"
"DB08865","NTRK2","Crizotinib","LUSC"
"DB08865","NTRK2","Crizotinib","LUAD"
"DB08865","ROS1","Crizotinib","LUSC"
"DB08865","ROS1","Crizotinib","LUAD"
"DB08865","ULK2","Crizotinib","LUSC"
"DB08865","ULK2","Crizotinib","LUAD"
"DB08865","FES","Crizotinib","LUSC"
"DB08865","FES","Crizotinib","LUAD"
"DB08865","EPHA3","Crizotinib","LUSC"
"DB08865","EPHA3","Crizotinib","LUAD"
"DB08865","STK35","Crizotinib","LUSC"
"DB08865","STK35","Crizotinib","LUAD"
"DB08865","IKBKB","Crizotinib","LUSC"
"DB08865","IKBKB","Crizotinib","LUAD"
"DB08865","SYK","Crizotinib","LUSC"
"DB08865","SYK","Crizotinib","LUAD"
"DB08865","CASK","Crizotinib","LUSC"
"DB08865","CASK","Crizotinib","LUAD"
"DB08865","BMPR1B","Crizotinib","LUSC"
"DB08865","BMPR1B","Crizotinib","LUAD"
"DB08865","ULK1","Crizotinib","LUSC"
"DB08865","ULK1","Crizotinib","LUAD"
"DB08865","ANKK1","Crizotinib","LUSC"
"DB08865","ANKK1","Crizotinib","LUAD"
"DB08865","BMP2K","Crizotinib","LUSC"
"DB08865","BMP2K","Crizotinib","LUAD"
"DB08865","TYK2","Crizotinib","LUSC"
"DB08865","TYK2","Crizotinib","LUAD"
"DB08865","DCLK1","Crizotinib","LUSC"
"DB08865","DCLK1","Crizotinib","LUAD"
"DB08865","SLK","Crizotinib","LUSC"
"DB08865","SLK","Crizotinib","LUAD"
"DB08865","MAP3K15","Crizotinib","LUSC"
"DB08865","MAP3K15","Crizotinib","LUAD"
"DB08865","ZAP70","Crizotinib","LUSC"
"DB08865","ZAP70","Crizotinib","LUAD"
"DB08865","BMX","Crizotinib","LUSC"
"DB08865","BMX","Crizotinib","LUAD"
"DB08865","EPHA4","Crizotinib","LUSC"
"DB08865","EPHA4","Crizotinib","LUAD"
"DB08865","STK10","Crizotinib","LUSC"
"DB08865","STK10","Crizotinib","LUAD"
"DB08865","TESK1","Crizotinib","LUSC"
"DB08865","TESK1","Crizotinib","LUAD"
"DB08865","CDK11A","Crizotinib","LUSC"
"DB08865","CDK11A","Crizotinib","LUAD"
"DB08865","GRK4","Crizotinib","LUSC"
"DB08865","GRK4","Crizotinib","LUAD"
"DB08865","MUSK","Crizotinib","LUSC"
"DB08865","MUSK","Crizotinib","LUAD"
"DB08865","TNK1","Crizotinib","LUSC"
"DB08865","TNK1","Crizotinib","LUAD"
"DB08865","MINK1","Crizotinib","LUSC"
"DB08865","MINK1","Crizotinib","LUAD"
"DB08865","EPHB1","Crizotinib","LUSC"
"DB08865","EPHB1","Crizotinib","LUAD"
"DB08865","AURKA","Crizotinib","LUSC"
"DB08865","AURKA","Crizotinib","LUAD"
"DB08865","TNNI3K","Crizotinib","LUSC"
"DB08865","TNNI3K","Crizotinib","LUAD"
"DB08865","ABL2","Crizotinib","LUSC"
"DB08865","ABL2","Crizotinib","LUAD"
"DB08865","EPHB6","Crizotinib","LUSC"
"DB08865","EPHB6","Crizotinib","LUAD"
"DB08865","MAP4K5","Crizotinib","LUSC"
"DB08865","MAP4K5","Crizotinib","LUAD"
"DB08865","AAK1","Crizotinib","LUSC"
"DB08865","AAK1","Crizotinib","LUAD"
"DB08865","NTRK3","Crizotinib","LUSC"
"DB08865","NTRK3","Crizotinib","LUAD"
"DB08865","MAP3K7","Crizotinib","LUSC"
"DB08865","MAP3K7","Crizotinib","LUAD"
"DB08865","MAPK7","Crizotinib","LUSC"
"DB08865","MAPK7","Crizotinib","LUAD"
"DB08865","MAP4K3","Crizotinib","LUSC"
"DB08865","MAP4K3","Crizotinib","LUAD"
"DB08865","INSR","Crizotinib","LUSC"
"DB08865","INSR","Crizotinib","LUAD"
"DB08865","FGR","Crizotinib","LUSC"
"DB08865","FGR","Crizotinib","LUAD"
"DB08865","RIPK1","Crizotinib","LUSC"
"DB08865","RIPK1","Crizotinib","LUAD"
"DB08865","ROCK1","Crizotinib","LUSC"
"DB08865","ROCK1","Crizotinib","LUAD"
"DB08865","FLT3","Crizotinib","LUSC"
"DB08865","FLT3","Crizotinib","LUAD"
"DB08881","BRAF","Vemurafenib","Melanoma"
"DB08881","BRAF","Vemurafenib","SKCM"
"DB08881","RAF1","Vemurafenib","Melanoma"
"DB08881","RAF1","Vemurafenib","SKCM"
"DB08896","BRAF","Regorafenib","LIHC"
"DB08896","BRAF","Regorafenib","READ"
"DB08896","BRAF","Regorafenib","COAD"
"DB08896","BRAF","Regorafenib","Gastrointestinal Stromal Tumors"
"DB08896","KDR","Regorafenib","LIHC"
"DB08896","KDR","Regorafenib","READ"
"DB08896","KDR","Regorafenib","COAD"
"DB08896","KDR","Regorafenib","Gastrointestinal Stromal Tumors"
"DB08896","EPHX2","Regorafenib","LIHC"
"DB08896","EPHX2","Regorafenib","READ"
"DB08896","EPHX2","Regorafenib","COAD"
"DB08896","EPHX2","Regorafenib","Gastrointestinal Stromal Tumors"
"DB08899","AR","Enzalutamide","PRAD"
